name,city,phone,age
Smith,Denver,(555) 555-2313,17
John,Austin,(555) 555-7873,18
Larry,Chicago,(555) 555-3022,23
James,Portland,(555) 555-3299,23
Nick,New York,(555) 555-8823,25
Paul,Sydney,(555) 555-9032,35
Kate,Dallas,(555) 555-3214,40
Jo,Austin,(555) 555-9120,45
Tim,Miami,(555) 555-3123,50
Rob,Boston,(555) 555-3124,90
