name,city,phone
John,Austin,(555) 555-7873
Nick,New York,(555) 555-8823
Paul,Sydney,(555) 555-9032
Jo,Austin,(555) 555-9120
Larry,Chicago,(555) 555-3022
James,Portland,(555) 555-3299
Smith,Denver,(555) 555-2313
Rob,Boston,(555) 555-3124
Kate,Dallas,(555) 555-3214
Tim,Miami,(555) 555-3123